"Periodo","Cambio_en_el_área_de_manglares_(%)",
"2020","12.4139214591476",
"2015","-2.34505862646566",
"2010","-3.18257956448911",
"2005","-6.90489484459334",
